{
	"type":"FeatureCollection",
	"features":[
	{
		"type":"Feature",
		"id":"444475",
		"geometry":{
		"type":"Point",
			"coordinates":[-122.476616,37.75957]
		},
		"properties":{
			"id":"444475",
			"sheet_id":"2227",
			"user_id":"939",
			"perms":"public",
			"created":"2012-07-03 20:24:58",
			"geohash":"9q8yuczjrypb",
			"sheet:id":"4e00b53a81dc2a8fe72fae0b",
			"name":"19th\/Kirkham YT\/Google Shuttle"
		}
	},
	{
		"type":"Feature",
		"id":"444477",
		"geometry":{
		"type":"Point",
			"coordinates":[-122.402046,37.771526]
		},
		"properties":{
			"id":"444477",
			"sheet_id":"2227",
			"user_id":"939",
			"perms":"public",
			"created":"2012-07-03 20:24:58",
			"geohash":"9q8yysje1dg3",
			"sheet:id":"4f5eb185e4b0912b8384cda4",
			"name":"Adobe Civic Center Shuttle"
		}
	},
	{
		"type":"Feature",
		"id":"444479",
		"geometry":{
		"type":"Point",
			"coordinates":[-122.41447,37.778408]
		},
		"properties":{
			"id":"444479",
			"sheet_id":"2227",
			"user_id":"939",
			"perms":"public",
			"created":"2012-07-03 20:24:58",
			"geohash":"9q8yymke0jem",
			"sheet:id":"4f3000abe4b062035939fd5e",
			"name":"Adobe Civic Center Shuttle Stop"
		}
	},
	{
		"type":"Feature",
		"id":"444481",
		"geometry":{
		"type":"Point",
			"coordinates":[-122.475795,37.743305]
		},
		"properties":{
			"id":"444481",
			"sheet_id":"2227",
			"user_id":"939",
			"perms":"public",
			"created":"2012-07-03 20:24:58",
			"geohash":"9q8ysyzyenh0",
			"sheet:id":"4bb36510eb3e9521b90bcb0a",
			"name":"Apple Shuttle"
		}
	},
	{
		"type":"Feature",
		"id":"444483",
		"geometry":{
		"type":"Point",
			"coordinates":[-122.438521,37.704654]
		},
		"properties":{
			"id":"444483",
			"sheet_id":"2227",
			"user_id":"939",
			"perms":"public",
			"created":"2012-07-03 20:24:58",
			"geohash":"9q8ymzfvx8vt",
			"sheet:id":"4bf548576a31d13a72aa962e",
			"name":"Apple Shuttle"
		}
	},
	{
		"type":"Feature",
		"id":"444485",
		"geometry":{
		"type":"Point",
			"coordinates":[-122.435853,37.731951]
		},
		"properties":{
			"id":"444485",
			"sheet_id":"2227",
			"user_id":"939",
			"perms":"public",
			"created":"2012-07-03 20:24:58",
			"geohash":"9q8ytuuutc7n",
			"sheet:id":"4b8e8a2af964a520a12733e3",
			"name":"Apple shuttle"
		}
	},
	{
		"type":"Feature",
		"id":"444487",
		"geometry":{
		"type":"Point",
			"coordinates":[-122.43486,37.760504]
		},
		"properties":{
			"id":"444487",
			"sheet_id":"2227",
			"user_id":"939",
			"perms":"public",
			"created":"2012-07-03 20:24:58",
			"geohash":"9q8yvfjduupk",
			"sheet:id":"4f05d4336c2509578731d604",
			"name":"Apple Shuttle - Castro"
		}
	},
	{
		"type":"Feature",
		"id":"444489",
		"geometry":{
		"type":"Point",
			"coordinates":[-122.437015,37.771143]
		},
		"properties":{
			"id":"444489",
			"sheet_id":"2227",
			"user_id":"939",
			"perms":"public",
			"created":"2012-07-03 20:24:58",
			"geohash":"9q8yvuh0fg2s",
			"sheet:id":"4bf547b0e5eba593a38d2090",
			"name":"Apple Shuttle - Divisadero\/Castro"
		}
	},
	{
		"type":"Feature",
		"id":"444491",
		"geometry":{
		"type":"Point",
			"coordinates":[-122.439561,37.783276]
		},
		"properties":{
			"id":"444491",
			"sheet_id":"2227",
			"user_id":"939",
			"perms":"public",
			"created":"2012-07-03 20:24:58",
			"geohash":"9q8yvy4px3nh",
			"sheet:id":"4e93a47e9a5267bd66b4c1f5",
			"name":"Apple Shuttle - Divisadero\/Geary"
		}
	},
	{
		"type":"Feature",
		"id":"444493",
		"geometry":{
		"type":"Point",
			"coordinates":[-122.424229,37.800119]
		},
		"properties":{
			"id":"444493",
			"sheet_id":"2227",
			"user_id":"939",
			"perms":"public",
			"created":"2012-07-03 20:24:58",
			"geohash":"9q8zn1m3ssys",
			"sheet:id":"4cc5828fc844721e945bef01",
			"name":"Apple Shuttle - Early Bus"
		}
	},
	{
		"type":"Feature",
		"id":"444495",
		"geometry":{
		"type":"Point",
			"coordinates":[-122.423253,37.75154]
		},
		"properties":{
			"id":"444495",
			"sheet_id":"2227",
			"user_id":"939",
			"perms":"public",
			"created":"2012-07-03 20:24:58",
			"geohash":"9q8yy0qnemn7",
			"sheet:id":"4e2454e9a80968cf3e5c2685",
			"name":"Apple Shuttle - Noe Valley"
		}
	},
	{
		"type":"Feature",
		"id":"444497",
		"geometry":{
		"type":"Point",
			"coordinates":[-122.472344,37.780176]
		},
		"properties":{
			"id":"444497",
			"sheet_id":"2227",
			"user_id":"939",
			"perms":"public",
			"created":"2012-07-03 20:24:58",
			"geohash":"9q8yvjdm7x32",
			"sheet:id":"4ec288bb6c25dfd982ddac4e",
			"name":"Apple Shuttle - Park Presidio and Geary"
		}
	},
	{
		"type":"Feature",
		"id":"444499",
		"geometry":{
		"type":"Point",
			"coordinates":[-122.424414,37.801264]
		},
		"properties":{
			"id":"444499",
			"sheet_id":"2227",
			"user_id":"939",
			"perms":"public",
			"created":"2012-07-03 20:24:58",
			"geohash":"9q8zn1t226ke",
			"sheet:id":"4b9f84e4f964a520562837e3",
			"name":"Apple Shuttle - Van Ness Express"
		}
	},
	{
		"type":"Feature",
		"id":"444501",
		"geometry":{
		"type":"Point",
			"coordinates":[-122.419478,37.775313]
		},
		"properties":{
			"id":"444501",
			"sheet_id":"2227",
			"user_id":"939",
			"perms":"public",
			"created":"2012-07-03 20:24:58",
			"geohash":"9q8yykbc5ktp",
			"sheet:id":"4fa9442fe4b0e11774216d7a",
			"name":"Apple Shuttle (Market And Van Ness)"
		}
	},
	{
		"type":"Feature",
		"id":"444503",
		"geometry":{
		"type":"Point",
			"coordinates":[-122.422875,37.752165]
		},
		"properties":{
			"id":"444503",
			"sheet_id":"2227",
			"user_id":"939",
			"perms":"public",
			"created":"2012-07-03 20:24:58",
			"geohash":"9q8yy0w6k38h",
			"sheet:id":"4f6c958be4b0541c6092ba5a",
			"name":"Apple Shuttle 24th @ Guerrero"
		}
	},
	{
		"type":"Feature",
		"id":"444505",
		"geometry":{
		"type":"Point",
			"coordinates":[-122.434125,37.751082]
		},
		"properties":{
			"id":"444505",
			"sheet_id":"2227",
			"user_id":"939",
			"perms":"public",
			"created":"2012-07-03 20:24:58",
			"geohash":"9q8yvbq5ypex",
			"sheet:id":"4fe495a5e4b08c67a3bbe897",
			"name":"Apple Shuttle 24th &amp; Castro"
		}
	},
	{
		"type":"Feature",
		"id":"444507",
		"geometry":{
		"type":"Point",
			"coordinates":[-122.439478,37.782966]
		},
		"properties":{
			"id":"444507",
			"sheet_id":"2227",
			"user_id":"939",
			"perms":"public",
			"created":"2012-07-03 20:24:58",
			"geohash":"9q8yvy4m9rk5",
			"sheet:id":"4c407a14ff711b8d4d651005",
			"name":"Apple Shuttle from SF (Divis &amp; Geary)"
		}
	},
	{
		"type":"Feature",
		"id":"444509",
		"geometry":{
		"type":"Point",
			"coordinates":[-122.408629,37.768429]
		},
		"properties":{
			"id":"444509",
			"sheet_id":"2227",
			"user_id":"939",
			"perms":"public",
			"created":"2012-07-03 20:24:58",
			"geohash":"9q8yye8c01qw",
			"sheet:id":"4c81839e2f1c236a22c43043",
			"name":"Dolby Shuttle!"
		}
	},
	{
		"type":"Feature",
		"id":"444511",
		"geometry":{
		"type":"Point",
			"coordinates":[-122.406102,37.785699]
		},
		"properties":{
			"id":"444511",
			"sheet_id":"2227",
			"user_id":"939",
			"perms":"public",
			"created":"2012-07-03 20:24:58",
			"geohash":"9q8yywdtehff",
			"sheet:id":"4f621b22e4b00c2a00d289ce",
			"name":"Dropbox Marina Shuttle at Market"
		}
	},
	{
		"type":"Feature",
		"id":"444513",
		"geometry":{
		"type":"Point",
			"coordinates":[-122.411793,37.787799]
		},
		"properties":{
			"id":"444513",
			"sheet_id":"2227",
			"user_id":"939",
			"perms":"public",
			"created":"2012-07-03 20:24:58",
			"geohash":"9q8yyrn3ykr3",
			"sheet:id":"4f982593e4b089acded590f2",
			"name":"Dropbox Shuttle Stop"
		}
	},
	{
		"type":"Feature",
		"id":"444515",
		"geometry":{
		"type":"Point",
			"coordinates":[-122.428009,37.761225]
		},
		"properties":{
			"id":"444515",
			"sheet_id":"2227",
			"user_id":"939",
			"perms":"public",
			"created":"2012-07-03 20:24:58",
			"geohash":"9q8yy44xhdec",
			"sheet:id":"4ec13b237ee54e4cd34cb73f",
			"name":"EA Shuttle"
		}
	},
	{
		"type":"Feature",
		"id":"444517",
		"geometry":{
		"type":"Point",
			"coordinates":[-122.420515,37.751919]
		},
		"properties":{
			"id":"444517",
			"sheet_id":"2227",
			"user_id":"939",
			"perms":"public",
			"created":"2012-07-03 20:24:58",
			"geohash":"9q8yy280g5zb",
			"sheet:id":"4ec67f0e7ee537da7d55de89",
			"name":"EA Shuttle - Mission stop"
		}
	},
	{
		"type":"Feature",
		"id":"444519",
		"geometry":{
		"type":"Point",
			"coordinates":[-122.420901,37.797779]
		},
		"properties":{
			"id":"444519",
			"sheet_id":"2227",
			"user_id":"939",
			"perms":"public",
			"created":"2012-07-03 20:24:58",
			"geohash":"9q8zn0zu428n",
			"sheet:id":"4e66309618a8ce02fe7515c9",
			"name":"EA Shuttle Stop"
		}
	},
	{
		"type":"Feature",
		"id":"444521",
		"geometry":{
		"type":"Point",
			"coordinates":[-122.422287,37.76629]
		},
		"properties":{
			"id":"444521",
			"sheet_id":"2227",
			"user_id":"939",
			"perms":"public",
			"created":"2012-07-03 20:24:58",
			"geohash":"9q8yy5nu9fwx",
			"sheet:id":"4ca9df63d971b1f7099f22e1",
			"name":"eBay Shuttle"
		}
	},
	{
		"type":"Feature",
		"id":"444523",
		"geometry":{
		"type":"Point",
			"coordinates":[-122.422779,37.743264]
		},
		"properties":{
			"id":"444523",
			"sheet_id":"2227",
			"user_id":"939",
			"perms":"public",
			"created":"2012-07-03 20:24:58",
			"geohash":"9q8ywnyqqqre",
			"sheet:id":"4d949135cf46224b82769794",
			"name":"eBay Shuttle - San Jose &amp; 29th"
		}
	},
	{
		"type":"Feature",
		"id":"444525",
		"geometry":{
		"type":"Point",
			"coordinates":[-122.423203,37.794735]
		},
		"properties":{
			"id":"444525",
			"sheet_id":"2227",
			"user_id":"939",
			"perms":"public",
			"created":"2012-07-03 20:24:58",
			"geohash":"9q8zn0q4k978",
			"sheet:id":"4ca495dc7f84224ba678ce58",
			"name":"eBay Shuttle - Van Ness &amp; Pacific"
		}
	},
	{
		"type":"Feature",
		"id":"444527",
		"geometry":{
		"type":"Point",
			"coordinates":[-122.421234,37.785727]
		},
		"properties":{
			"id":"444527",
			"sheet_id":"2227",
			"user_id":"939",
			"perms":"public",
			"created":"2012-07-03 20:24:58",
			"geohash":"9q8yynxtf6p9",
			"sheet:id":"4ee8c0a6b6342cffb4e84256",
			"name":"eBay Shuttle Geary &amp; Van Ness"
		}
	},
	{
		"type":"Feature",
		"id":"444529",
		"geometry":{
		"type":"Point",
			"coordinates":[-122.422915,37.751946]
		},
		"properties":{
			"id":"444529",
			"sheet_id":"2227",
			"user_id":"939",
			"perms":"public",
			"created":"2012-07-03 20:24:58",
			"geohash":"9q8yy0w352f3",
			"sheet:id":"4e95a52d49015a078d6f97f0",
			"name":"eBay Shuttle Stop - Guerrero and 24th"
		}
	},
	{
		"type":"Feature",
		"id":"444531",
		"geometry":{
		"type":"Point",
			"coordinates":[-122.428119,37.761345]
		},
		"properties":{
			"id":"444531",
			"sheet_id":"2227",
			"user_id":"939",
			"perms":"public",
			"created":"2012-07-03 20:24:59",
			"geohash":"9q8yy44xf0cu",
			"sheet:id":"4c4711f70f5aa5936e997c76",
			"name":"Facebook Shuttle Stop (18th &amp; Church)"
		}
	},
	{
		"type":"Feature",
		"id":"444533",
		"geometry":{
		"type":"Point",
			"coordinates":[-122.420504,37.752029]
		},
		"properties":{
			"id":"444533",
			"sheet_id":"2227",
			"user_id":"939",
			"perms":"public",
			"created":"2012-07-03 20:24:59",
			"geohash":"9q8yy281e820",
			"sheet:id":"4b8e7f65f964a520722533e3",
			"name":"Facebook Shuttle Stop (24th &amp; Valencia)"
		}
	},
	{
		"type":"Feature",
		"id":"444535",
		"geometry":{
		"type":"Point",
			"coordinates":[-122.414646,37.778542]
		},
		"properties":{
			"id":"444535",
			"sheet_id":"2227",
			"user_id":"939",
			"perms":"public",
			"created":"2012-07-03 20:24:59",
			"geohash":"9q8yymk7un8j",
			"sheet:id":"4b8bef94f964a52054b332e3",
			"name":"Facebook Shuttle Stop (8th and Market)"
		}
	},
	{
		"type":"Feature",
		"id":"444537",
		"geometry":{
		"type":"Point",
			"coordinates":[-122.433055,37.800457]
		},
		"properties":{
			"id":"444537",
			"sheet_id":"2227",
			"user_id":"939",
			"perms":"public",
			"created":"2012-07-03 20:24:59",
			"geohash":"9q8zjcqgx5cm",
			"sheet:id":"4ca34d187f84224b858dc358",
			"name":"Facebook Shuttle Stop (Lombard &amp; Buchanan)"
		}
	},
	{
		"type":"Feature",
		"id":"444539",
		"geometry":{
		"type":"Point",
			"coordinates":[-122.423933,37.79861]
		},
		"properties":{
			"id":"444539",
			"sheet_id":"2227",
			"user_id":"939",
			"perms":"public",
			"created":"2012-07-03 20:24:59",
			"geohash":"9q8zn1j8gee5",
			"sheet:id":"4fdf1f3de4b094b0d237751c",
			"name":"Facebook Shuttle Stop (Van Ness and Union)"
		}
	},
	{
		"type":"Feature",
		"id":"444541",
		"geometry":{
		"type":"Point",
			"coordinates":[-122.403983,37.711368]
		},
		"properties":{
			"id":"444541",
			"sheet_id":"2227",
			"user_id":"939",
			"perms":"public",
			"created":"2012-07-03 20:24:59",
			"geohash":"9q8yw9hhskx0",
			"sheet:id":"4e02b3a67d8bf11e9f3b05ac",
			"name":"Google glen park shuttle"
		}
	},
	{
		"type":"Feature",
		"id":"444543",
		"geometry":{
		"type":"Point",
			"coordinates":[-122.424187,37.798416]
		},
		"properties":{
			"id":"444543",
			"sheet_id":"2227",
			"user_id":"939",
			"perms":"public",
			"created":"2012-07-03 20:24:59",
			"geohash":"9q8zn0vrtxmy",
			"sheet:id":"4a5ff825f964a52095c01fe3",
			"name":"Google Shuttle"
		}
	},
	{
		"type":"Feature",
		"id":"444545",
		"geometry":{
		"type":"Point",
			"coordinates":[-122.42465,37.742291]
		},
		"properties":{
			"id":"444545",
			"sheet_id":"2227",
			"user_id":"939",
			"perms":"public",
			"created":"2012-07-03 20:24:59",
			"geohash":"9q8ywnv0fbux",
			"sheet:id":"4deed0187d8bb02cbeec446c",
			"name":"Google Shuttle -  30th &amp; Dolores Stop"
		}
	},
	{
		"type":"Feature",
		"id":"444547",
		"geometry":{
		"type":"Point",
			"coordinates":[-122.427725,37.768626]
		},
		"properties":{
			"id":"444547",
			"sheet_id":"2227",
			"user_id":"939",
			"perms":"public",
			"created":"2012-07-03 20:24:59",
			"geohash":"9q8yy5df5npt",
			"sheet:id":"4e8c73ec6da188ea92b9d907",
			"name":"Google Shuttle - 14th &amp; Market"
		}
	},
	{
		"type":"Feature",
		"id":"444549",
		"geometry":{
		"type":"Point",
			"coordinates":[-122.434967,37.760473]
		},
		"properties":{
			"id":"444549",
			"sheet_id":"2227",
			"user_id":"939",
			"perms":"public",
			"created":"2012-07-03 20:24:59",
			"geohash":"9q8yvfjddqre",
			"sheet:id":"4e48a63731511214fad5ebc9",
			"name":"Google Shuttle - 18th &amp; Castro"
		}
	},
	{
		"type":"Feature",
		"id":"444551",
		"geometry":{
		"type":"Point",
			"coordinates":[-122.425664,37.761484]
		},
		"properties":{
			"id":"444551",
			"sheet_id":"2227",
			"user_id":"939",
			"perms":"public",
			"created":"2012-07-03 20:24:59",
			"geohash":"9q8yy4k2e6b6",
			"sheet:id":"4e413944d4c0b124a8eb38fa",
			"name":"Google Shuttle - 18th &amp; Dolores"
		}
	},
	{
		"type":"Feature",
		"id":"444553",
		"geometry":{
		"type":"Point",
			"coordinates":[-122.416113,37.749449]
		},
		"properties":{
			"id":"444553",
			"sheet_id":"2227",
			"user_id":"939",
			"perms":"public",
			"created":"2012-07-03 20:24:59",
			"geohash":"9q8yy2563z64",
			"sheet:id":"4e493bcd62e148603b96301f",
			"name":"Google Shuttle - 18th &amp; Dolores"
		}
	},
	{
		"type":"Feature",
		"id":"444555",
		"geometry":{
		"type":"Point",
			"coordinates":[-122.42771,37.749784]
		},
		"properties":{
			"id":"444555",
			"sheet_id":"2227",
			"user_id":"939",
			"perms":"public",
			"created":"2012-07-03 20:24:59",
			"geohash":"9q8yy04u7tfb",
			"sheet:id":"4e809eb56c25de39c5d10ebb",
			"name":"Google Shuttle - 24th &amp; Castro"
		}
	},
	{
		"type":"Feature",
		"id":"444557",
		"geometry":{
		"type":"Point",
			"coordinates":[-122.429839,37.748362]
		},
		"properties":{
			"id":"444557",
			"sheet_id":"2227",
			"user_id":"939",
			"perms":"public",
			"created":"2012-07-03 20:24:59",
			"geohash":"9q8ywpck1uxq",
			"sheet:id":"4e7b5d8d483bf5722d0a3249",
			"name":"Google Shuttle - 24th &amp; Church"
		}
	},
	{
		"type":"Feature",
		"id":"444559",
		"geometry":{
		"type":"Point",
			"coordinates":[-122.42037,37.752103]
		},
		"properties":{
			"id":"444559",
			"sheet_id":"2227",
			"user_id":"939",
			"perms":"public",
			"created":"2012-07-03 20:24:59",
			"geohash":"9q8yy281yw5f",
			"sheet:id":"4bab789ef964a520e0ab3ae3",
			"name":"Google Shuttle - 24th &amp; Valencia"
		}
	},
	{
		"type":"Feature",
		"id":"444561",
		"geometry":{
		"type":"Point",
			"coordinates":[-122.414212,37.77858]
		},
		"properties":{
			"id":"444561",
			"sheet_id":"2227",
			"user_id":"939",
			"perms":"public",
			"created":"2012-07-03 20:24:59",
			"geohash":"9q8yymksnjex",
			"sheet:id":"4bba004553649c742f7a48fb",
			"name":"Google Shuttle - Civic Center Stop"
		}
	},
	{
		"type":"Feature",
		"id":"444563",
		"geometry":{
		"type":"Point",
			"coordinates":[-122.409498,37.799663]
		},
		"properties":{
			"id":"444563",
			"sheet_id":"2227",
			"user_id":"939",
			"perms":"public",
			"created":"2012-07-03 20:24:59",
			"geohash":"9q8zn90ngzys",
			"sheet:id":"4ee639c8722e088261586c50",
			"name":"Google Shuttle - Columbus At Union"
		}
	},
	{
		"type":"Feature",
		"id":"444565",
		"geometry":{
		"type":"Point",
			"coordinates":[-122.389069,37.789481]
		},
		"properties":{
			"id":"444565",
			"sheet_id":"2227",
			"user_id":"939",
			"perms":"public",
			"created":"2012-07-03 20:24:59",
			"geohash":"9q8yyzqgxvzd",
			"sheet:id":"4bd9995c0115c9b6a5d67780",
			"name":"Google Shuttle - Harrison Stop"
		}
	},
	{
		"type":"Feature",
		"id":"444567",
		"geometry":{
		"type":"Point",
			"coordinates":[-122.43267,37.775467]
		},
		"properties":{
			"id":"444567",
			"sheet_id":"2227",
			"user_id":"939",
			"perms":"public",
			"created":"2012-07-03 20:24:59",
			"geohash":"9q8yvuz6012m",
			"sheet:id":"4c3739d33849c928a547bdb1",
			"name":"Google Shuttle - Hayes &amp; Haight"
		}
	},
	{
		"type":"Feature",
		"id":"444569",
		"geometry":{
		"type":"Point",
			"coordinates":[-122.436157,37.799959]
		},
		"properties":{
			"id":"444569",
			"sheet_id":"2227",
			"user_id":"939",
			"perms":"public",
			"created":"2012-07-03 20:24:59",
			"geohash":"9q8zjck8wz06",
			"sheet:id":"4bb0bcd8f964a520b6583ce3",
			"name":"Google Shuttle - Lombard &amp; Fillmore Stop"
		}
	},
	{
		"type":"Feature",
		"id":"444571",
		"geometry":{
		"type":"Point",
			"coordinates":[-122.395332,37.77742]
		},
		"properties":{
			"id":"444571",
			"sheet_id":"2227",
			"user_id":"939",
			"perms":"public",
			"created":"2012-07-03 20:24:59",
			"geohash":"9q8yyv4mqj98",
			"sheet:id":"4bb20cd1f964a520b0b43ce3",
			"name":"Google Shuttle - SOMA Stop"
		}
	},
	{
		"type":"Feature",
		"id":"444573",
		"geometry":{
		"type":"Point",
			"coordinates":[-122.452336,37.76667]
		},
		"properties":{
			"id":"444573",
			"sheet_id":"2227",
			"user_id":"939",
			"perms":"public",
			"created":"2012-07-03 20:24:59",
			"geohash":"9q8yve0yvc83",
			"sheet:id":"4d5950f41d4a8cfa88e48aed",
			"name":"Google Shuttle - Stanyan and Frederick"
		}
	},
	{
		"type":"Feature",
		"id":"444575",
		"geometry":{
		"type":"Point",
			"coordinates":[-122.42265,37.791708]
		},
		"properties":{
			"id":"444575",
			"sheet_id":"2227",
			"user_id":"939",
			"perms":"public",
			"created":"2012-07-03 20:24:59",
			"geohash":"9q8yypy89kzz",
			"sheet:id":"4c2a0f583492a59354d9b928",
			"name":"Google Shuttle - Van Ness &amp; Sacramento"
		}
	},
	{
		"type":"Feature",
		"id":"444577",
		"geometry":{
		"type":"Point",
			"coordinates":[-122.436774,37.771368]
		},
		"properties":{
			"id":"444577",
			"sheet_id":"2227",
			"user_id":"939",
			"perms":"public",
			"created":"2012-07-03 20:24:59",
			"geohash":"9q8yvuh60mk6",
			"sheet:id":"4dc2b96a45ddd5b5b6b2ccb0",
			"name":"Google Shuttle Haight-Divisadero"
		}
	},
	{
		"type":"Feature",
		"id":"444579",
		"geometry":{
		"type":"Point",
			"coordinates":[-122.437234,37.771802]
		},
		"properties":{
			"id":"444579",
			"sheet_id":"2227",
			"user_id":"939",
			"perms":"public",
			"created":"2012-07-03 20:24:59",
			"geohash":"9q8yvu5utwjr",
			"sheet:id":"4e8b1a79f790b823d4fa46c3",
			"name":"Linkedin Shuttle - Divisadero &amp; Grove"
		}
	},
	{
		"type":"Feature",
		"id":"444581",
		"geometry":{
		"type":"Point",
			"coordinates":[-122.430912,37.79822]
		},
		"properties":{
			"id":"444581",
			"sheet_id":"2227",
			"user_id":"939",
			"perms":"public",
			"created":"2012-07-03 20:24:59",
			"geohash":"9q8zn0bw8fzk",
			"sheet:id":"4c57a8d7a7d976b03cdddcee",
			"name":"LinkedIn Shuttle - Lombard &amp; Fillmore Stop"
		}
	},
	{
		"type":"Feature",
		"id":"444583",
		"geometry":{
		"type":"Point",
			"coordinates":[-122.423854,37.798439]
		},
		"properties":{
			"id":"444583",
			"sheet_id":"2227",
			"user_id":"939",
			"perms":"public",
			"created":"2012-07-03 20:24:59",
			"geohash":"9q8zn0vxv7wp",
			"sheet:id":"4e5f924dc65b1ce83ded031c",
			"name":"Linkedin Shuttle Union and Van Ness"
		}
	},
	{
		"type":"Feature",
		"id":"444585",
		"geometry":{
		"type":"Point",
			"coordinates":[-122.434214,37.733073]
		},
		"properties":{
			"id":"444585",
			"sheet_id":"2227",
			"user_id":"939",
			"perms":"public",
			"created":"2012-07-03 20:24:59",
			"geohash":"9q8ytvn5h495",
			"sheet:id":"4d9dcaf27958f04dbbb21dfa",
			"name":"Netflix Shuttle"
		}
	},
	{
		"type":"Feature",
		"id":"444587",
		"geometry":{
		"type":"Point",
			"coordinates":[-122.414474,37.778469]
		},
		"properties":{
			"id":"444587",
			"sheet_id":"2227",
			"user_id":"939",
			"perms":"public",
			"created":"2012-07-03 20:24:59",
			"geohash":"9q8yymke8103",
			"sheet:id":"4e96fee38231e0b8aeb479a2",
			"name":"Netflix Shuttle Stop"
		}
	},
	{
		"type":"Feature",
		"id":"444589",
		"geometry":{
		"type":"Point",
			"coordinates":[-122.423122,37.752239]
		},
		"properties":{
			"id":"444589",
			"sheet_id":"2227",
			"user_id":"939",
			"perms":"public",
			"created":"2012-07-03 20:24:59",
			"geohash":"9q8yy0w4wrrv",
			"sheet:id":"4f1d7fdee4b0f67a98d5cb45",
			"name":"PayPal Shuttle Stop"
		}
	},
	{
		"type":"Feature",
		"id":"444591",
		"geometry":{
		"type":"Point",
			"coordinates":[-122.394817,37.707001]
		},
		"properties":{
			"id":"444591",
			"sheet_id":"2227",
			"user_id":"939",
			"perms":"public",
			"created":"2012-07-03 20:24:59",
			"geohash":"9q8ywb6g4n3w",
			"sheet:id":"4e89d1c7f5b964e86ea3e45f",
			"name":"Visa Shuttle"
		}
	},
	{
		"type":"Feature",
		"id":"444593",
		"geometry":{
		"type":"Point",
			"coordinates":[-122.421417,37.7859]
		},
		"properties":{
			"id":"444593",
			"sheet_id":"2227",
			"user_id":"939",
			"perms":"public",
			"created":"2012-07-03 20:24:59",
			"geohash":"9q8yynxqy4r3",
			"sheet:id":"4bd5a0bfcfa7b713dc1126da",
			"name":"Yahoo! Geary And Van Ness Shuttle Stop"
		}
	},
	{
		"type":"Feature",
		"id":"444595",
		"geometry":{
		"type":"Point",
			"coordinates":[-122.417766,37.76465]
		},
		"properties":{
			"id":"444595",
			"sheet_id":"2227",
			"user_id":"939",
			"perms":"public",
			"created":"2012-07-03 20:24:59",
			"geohash":"9q8yy6f55318",
			"sheet:id":"4c12457c77cea593b2b1cc60",
			"name":"Yahoo! Shuttle"
		}
	},
	{
		"type":"Feature",
		"id":"444597",
		"geometry":{
		"type":"Point",
			"coordinates":[-122.413624,37.748245]
		},
		"properties":{
			"id":"444597",
			"sheet_id":"2227",
			"user_id":"939",
			"perms":"public",
			"created":"2012-07-03 20:24:59",
			"geohash":"9q8ywrv57yfh",
			"sheet:id":"4b8e85e3f964a520b52633e3",
			"name":"Yahoo! Shuttle - Cesar Chavez @ Folsom"
		}
	},
	{
		"type":"Feature",
		"id":"444599",
		"geometry":{
		"type":"Point",
			"coordinates":[-122.43627,37.799735]
		},
		"properties":{
			"id":"444599",
			"sheet_id":"2227",
			"user_id":"939",
			"perms":"public",
			"created":"2012-07-03 20:24:59",
			"geohash":"9q8zjchxkjk4",
			"sheet:id":"4fd8a9aae4b0cd4d9ebd0b8a",
			"name":"Yahoo! Shuttle - Fillmore &amp; Lombard"
		}
	},
	{
		"type":"Feature",
		"id":"444601",
		"geometry":{
		"type":"Point",
			"coordinates":[-122.433808,37.733016]
		},
		"properties":{
			"id":"444601",
			"sheet_id":"2227",
			"user_id":"939",
			"perms":"public",
			"created":"2012-07-03 20:24:59",
			"geohash":"9q8ytvn6trzz",
			"sheet:id":"4de034ad18380dc4dd29ccba",
			"name":"Yahoo! Shuttle - Glen Park BART"
		}
	},
	{
		"type":"Feature",
		"id":"444603",
		"geometry":{
		"type":"Point",
			"coordinates":[-122.424896,37.80002]
		},
		"properties":{
			"id":"444603",
			"sheet_id":"2227",
			"user_id":"939",
			"perms":"public",
			"created":"2012-07-03 20:24:59",
			"geohash":"9q8zn1kcj4mn",
			"sheet:id":"4b743bacf964a520c1ce2de3",
			"name":"Yahoo! Shuttle - Lombard \/ Van Ness route"
		}
	},
	{
		"type":"Feature",
		"id":"444605",
		"geometry":{
		"type":"Point",
			"coordinates":[-122.421365,37.758372]
		},
		"properties":{
			"id":"444605",
			"sheet_id":"2227",
			"user_id":"939",
			"perms":"public",
			"created":"2012-07-03 20:24:59",
			"geohash":"9q8yy1xqrqwn",
			"sheet:id":"4c3ba1b217f2ef3bf0bf80f4",
			"name":"Yahoo! Shuttle - Valencia &amp; 20th St"
		}
	},
	{
		"type":"Feature",
		"id":"444607",
		"geometry":{
		"type":"Point",
			"coordinates":[-122.42029,37.748712]
		},
		"properties":{
			"id":"444607",
			"sheet_id":"2227",
			"user_id":"939",
			"perms":"public",
			"created":"2012-07-03 20:24:59",
			"geohash":"9q8ywrbq0mzw",
			"sheet:id":"4b8e90ccf964a520082933e3",
			"name":"Yahoo! Shuttle - Valencia &amp; 26th"
		}
	},
	{
		"type":"Feature",
		"id":"444609",
		"geometry":{
		"type":"Point",
			"coordinates":[-122.423251,37.794813]
		},
		"properties":{
			"id":"444609",
			"sheet_id":"2227",
			"user_id":"939",
			"perms":"public",
			"created":"2012-07-03 20:24:59",
			"geohash":"9q8zn0q4erzc",
			"sheet:id":"4c20d237d4dec928bdf81b3e",
			"name":"Yahoo! Shuttle - Van Ness &amp; Pacific Ave"
		}
	},
	{
		"type":"Feature",
		"id":"444611",
		"geometry":{
		"type":"Point",
			"coordinates":[-122.424032,37.800222]
		},
		"properties":{
			"id":"444611",
			"sheet_id":"2227",
			"user_id":"939",
			"perms":"public",
			"created":"2012-07-03 20:24:59",
			"geohash":"9q8zn1md3217",
			"sheet:id":"4c485bfac047be9ad7783379",
			"name":"Yahoo! Shuttle - Van Ness and Greenwich"
		}
	},
	{
		"type":"Feature",
		"id":"444613",
		"geometry":{
		"type":"Point",
			"coordinates":[-122.401671,37.764373]
		},
		"properties":{
			"id":"444613",
			"sheet_id":"2227",
			"user_id":"939",
			"perms":"public",
			"created":"2012-07-03 20:24:59",
			"geohash":"9q8yydvc6m6g",
			"sheet:id":"4e0bcdc47d8b2313a1269e59",
			"name":"Zynga BART Shuttle (Outgoing)"
		}
	},
	{
		"type":"Feature",
		"id":"444615",
		"geometry":{
		"type":"Point",
			"coordinates":[-122.414055,37.778746]
		},
		"properties":{
			"id":"444615",
			"sheet_id":"2227",
			"user_id":"939",
			"perms":"public",
			"created":"2012-07-03 20:24:59",
			"geohash":"9q8yymkv1u8v",
			"sheet:id":"4e15d47b18384368edd34d46",
			"name":"Zynga BART Shuttle Stop (Inbound)"
		}
	},
	{
		"type":"Feature",
		"id":"444617",
		"geometry":{
		"type":"Point",
			"coordinates":[-122.421959,37.789511]
		},
		"properties":{
			"id":"444617",
			"sheet_id":"2227",
			"user_id":"939",
			"perms":"public",
			"created":"2012-07-03 20:24:59",
			"geohash":"9q8yypr5ce7j",
			"sheet:id":"4e00a48c22717718d39ddb8e",
			"name":"Van Ness\/Pine Apple Commuter bus stop"
		}
	},
	{
		"type":"Feature",
		"id":"444619",
		"geometry":{
		"type":"Point",
			"coordinates":[-122.40526,37.786471]
		},
		"properties":{
			"id":"444619",
			"sheet_id":"2227",
			"user_id":"939",
			"perms":"public",
			"created":"2012-07-03 20:24:59",
			"geohash":"9q8yywg4nswz",
			"sheet:id":"4d0114f27c563704211cb4f0",
			"name":"Yahoo! bus stop derby: O'farrell St &amp; Stockton"
		}
	},
	{
		"type":"Feature",
		"id":"444621",
		"geometry":{
		"type":"Point",
			"coordinates":[-122.419903,37.778381]
		},
		"properties":{
			"id":"444621",
			"sheet_id":"2227",
			"user_id":"939",
			"perms":"public",
			"created":"2012-07-03 20:24:59",
			"geohash":"9q8yym2e188h",
			"sheet:id":"4c3c69957c1ee21e3f7b8c71",
			"name":"Yahoo Bus Stop - Van Ness &amp; Grove"
		}
	},
	{
		"type":"Feature",
		"id":"444623",
		"geometry":{
		"type":"Point",
			"coordinates":[-122.419413,37.771971]
		},
		"properties":{
			"id":"444623",
			"sheet_id":"2227",
			"user_id":"939",
			"perms":"public",
			"created":"2012-07-03 20:24:59",
			"geohash":"9q8yyk0vsvtx",
			"sheet:id":"4c2369719085d13a27cf87cc",
			"name":"Yahoo! Bus SF to Sunnyvale"
		}
	},
	{
		"type":"Feature",
		"id":"444625",
		"geometry":{
		"type":"Point",
			"coordinates":[-122.396802,37.79036]
		},
		"properties":{
			"id":"444625",
			"sheet_id":"2227",
			"user_id":"939",
			"perms":"public",
			"created":"2012-07-03 20:24:59",
			"geohash":"9q8yyz92gc9w",
			"sheet:id":"4cf44d79899c6ea8a01d00c2",
			"name":"Yahoo! Bus Stop Derby - Fremont &amp; Mission"
		}
	},
	{
		"type":"Feature",
		"id":"444627",
		"geometry":{
		"type":"Point",
			"coordinates":[-122.435292,37.762398]
		},
		"properties":{
			"id":"444627",
			"sheet_id":"2227",
			"user_id":"939",
			"perms":"public",
			"created":"2012-07-03 20:24:59",
			"geohash":"9q8yvfmmfvjq",
			"sheet:id":"4cf461ca899c6ea8c79b00c2",
			"name":"Yahoo! Bus Stop Derby: Castro &amp; 17th St"
		}
	},
	{
		"type":"Feature",
		"id":"444629",
		"geometry":{
		"type":"Point",
			"coordinates":[-122.439066,37.800441]
		},
		"properties":{
			"id":"444629",
			"sheet_id":"2227",
			"user_id":"939",
			"perms":"public",
			"created":"2012-07-03 20:24:59",
			"geohash":"9q8zjc6edbzj",
			"sheet:id":"4cf85278e8e25481a9eed662",
			"name":"Yahoo! Bus Stop Derby: Chestnut St &amp; Pierce St"
		}
	},
	{
		"type":"Feature",
		"id":"444631",
		"geometry":{
		"type":"Point",
			"coordinates":[-122.408945,37.799385]
		},
		"properties":{
			"id":"444631",
			"sheet_id":"2227",
			"user_id":"939",
			"perms":"public",
			"created":"2012-07-03 20:24:59",
			"geohash":"9q8zn90t2u54",
			"sheet:id":"4cf47dfce3b9a093d85c4f53",
			"name":"Yahoo! Bus Stop Derby: Columbus St &amp; Stockton St"
		}
	},
	{
		"type":"Feature",
		"id":"444633",
		"geometry":{
		"type":"Point",
			"coordinates":[-122.410005,37.800577]
		},
		"properties":{
			"id":"444633",
			"sheet_id":"2227",
			"user_id":"939",
			"perms":"public",
			"created":"2012-07-03 20:24:59",
			"geohash":"9q8zn3ru24k8",
			"sheet:id":"4cf468b594feb1f71dff27ba",
			"name":"Yahoo! Bus Stop Derby: Columbus St &amp; Uniom St"
		}
	},
	{
		"type":"Feature",
		"id":"444635",
		"geometry":{
		"type":"Point",
			"coordinates":[-122.408965,37.785309]
		},
		"properties":{
			"id":"444635",
			"sheet_id":"2227",
			"user_id":"939",
			"perms":"public",
			"created":"2012-07-03 20:24:59",
			"geohash":"9q8yyw8e2kh5",
			"sheet:id":"4cf459d61c158cfab132e3b5",
			"name":"Yahoo! Bus Stop Derby: Ellis &amp; Mason"
		}
	},
	{
		"type":"Feature",
		"id":"444637",
		"geometry":{
		"type":"Point",
			"coordinates":[-122.408313,37.787443]
		},
		"properties":{
			"id":"444637",
			"sheet_id":"2227",
			"user_id":"939",
			"perms":"public",
			"created":"2012-07-03 20:24:59",
			"geohash":"9q8yywbzz9fm",
			"sheet:id":"4cf6b3e39d11b1f75404c2ed",
			"name":"Yahoo! Bus Stop Derby: Geary &amp; Powell"
		}
	},
	{
		"type":"Feature",
		"id":"444639",
		"geometry":{
		"type":"Point",
			"coordinates":[-122.402623,37.783534]
		},
		"properties":{
			"id":"444639",
			"sheet_id":"2227",
			"user_id":"939",
			"perms":"public",
			"created":"2012-07-03 20:24:59",
			"geohash":"9q8yywm1h1jp",
			"sheet:id":"4cf45403899c6ea84b4800c2",
			"name":"Yahoo! Bus Stop Derby: Howard &amp; 4th St"
		}
	},
	{
		"type":"Feature",
		"id":"444641",
		"geometry":{
		"type":"Point",
			"coordinates":[-122.432092,37.80526]
		},
		"properties":{
			"id":"444641",
			"sheet_id":"2227",
			"user_id":"939",
			"perms":"public",
			"created":"2012-07-03 20:24:59",
			"geohash":"9q8zjfpxt7r2",
			"sheet:id":"4cf857d35698a093620605fc",
			"name":"Yahoo! Bus Stop Derby: Marina St &amp; Laguna St"
		}
	},
	{
		"type":"Feature",
		"id":"444643",
		"geometry":{
		"type":"Point",
			"coordinates":[-122.402172,37.788812]
		},
		"properties":{
			"id":"444643",
			"sheet_id":"2227",
			"user_id":"939",
			"perms":"public",
			"created":"2012-07-03 20:24:59",
			"geohash":"9q8yyxjry9jk",
			"sheet:id":"4cf543c5a41a60fcbd482fc0",
			"name":"Yahoo! Bus Stop Derby: Market &amp; 4th St."
		}
	},
	{
		"type":"Feature",
		"id":"444645",
		"geometry":{
		"type":"Point",
			"coordinates":[-122.404341,37.784506]
		},
		"properties":{
			"id":"444645",
			"sheet_id":"2227",
			"user_id":"939",
			"perms":"public",
			"created":"2012-07-03 20:24:59",
			"geohash":"9q8yyw7ysnkj",
			"sheet:id":"4cf4572a6c29236ab5cf75a2",
			"name":"Yahoo! Bus Stop Derby: Mission &amp; 4th St"
		}
	},
	{
		"type":"Feature",
		"id":"444647",
		"geometry":{
		"type":"Point",
			"coordinates":[-122.411634,37.805132]
		},
		"properties":{
			"id":"444647",
			"sheet_id":"2227",
			"user_id":"939",
			"perms":"public",
			"created":"2012-07-03 20:24:59",
			"geohash":"9q8zn6nwf5qh",
			"sheet:id":"4cfec9e496c6370481375daf",
			"name":"Yahoo! Bus Stop Derby: Powell &amp; Francisco"
		}
	},
	{
		"type":"Feature",
		"id":"444649",
		"geometry":{
		"type":"Point",
			"coordinates":[-122.426637,37.742229]
		},
		"properties":{
			"id":"444649",
			"sheet_id":"2227",
			"user_id":"939",
			"perms":"public",
			"created":"2012-07-03 20:24:59",
			"geohash":"9q8ywng8kt6v",
			"sheet:id":"4d7e3a9e2ff9b60ccf5ba847",
			"name":"Apple Bus - 30th and Church"
		}
	},
	{
		"type":"Feature",
		"id":"444651",
		"geometry":{
		"type":"Point",
			"coordinates":[-122.395278,37.776621]
		},
		"properties":{
			"id":"444651",
			"sheet_id":"2227",
			"user_id":"939",
			"perms":"public",
			"created":"2012-07-03 20:24:59",
			"geohash":"9q8yyv42z29c",
			"sheet:id":"4c6c54cbe13db60cc8c4d5b1",
			"name":"Facebook Bus"
		}
	},
	{
		"type":"Feature",
		"id":"444653",
		"geometry":{
		"type":"Point",
			"coordinates":[-122.413829,37.778807]
		},
		"properties":{
			"id":"444653",
			"sheet_id":"2227",
			"user_id":"939",
			"perms":"public",
			"created":"2012-07-03 20:24:59",
			"geohash":"9q8yymkvx013",
			"sheet:id":"4e7b479fdab41c8304c8831d",
			"name":"Google Bus"
		}
	},
	{
		"type":"Feature",
		"id":"444655",
		"geometry":{
		"type":"Point",
			"coordinates":[-122.419893,37.766543]
		},
		"properties":{
			"id":"444655",
			"sheet_id":"2227",
			"user_id":"939",
			"perms":"public",
			"created":"2012-07-03 20:24:59",
			"geohash":"9q8yy70w19zs",
			"sheet:id":"4e4a999fa80997a2dbf41d50",
			"name":"Apple Coach Stop - 15th &amp; Mission"
		}
	}]
}